{"Mean":{"confidence_interval":{"confidence_level":0.95,"lower_bound":514.3491605275569,"upper_bound":520.7557677015593},"point_estimate":517.3378230824786,"standard_error":1.6433532866328213},"Median":{"confidence_interval":{"confidence_level":0.95,"lower_bound":509.7011033398072,"upper_bound":512.650548665222},"point_estimate":510.91591250522185,"standard_error":0.6636432642732815},"MedianAbsDev":{"confidence_interval":{"confidence_level":0.95,"lower_bound":3.5466554886766453,"upper_bound":7.162296485488848},"point_estimate":5.00946403007182,"standard_error":0.8898845299888787},"Slope":{"confidence_interval":{"confidence_level":0.95,"lower_bound":509.9210453983714,"upper_bound":511.7135967632652},"point_estimate":510.77292833993675,"standard_error":0.45689459798902105},"StdDev":{"confidence_interval":{"confidence_level":0.95,"lower_bound":10.937459867744213,"upper_bound":21.4826358902119},"point_estimate":16.46903396030634,"standard_error":2.7094351183462853}}