{"Mean":{"confidence_interval":{"confidence_level":0.95,"lower_bound":10.825250192808618,"upper_bound":10.935358118411207},"point_estimate":10.871097189835837,"standard_error":0.028666470174007155},"Median":{"confidence_interval":{"confidence_level":0.95,"lower_bound":10.78360065313872,"upper_bound":10.816888525038262},"point_estimate":10.802863551495864,"standard_error":0.008010828769180895},"MedianAbsDev":{"confidence_interval":{"confidence_level":0.95,"lower_bound":0.04606387353144796,"upper_bound":0.08442174992688643},"point_estimate":0.06506011485779968,"standard_error":0.009493496736571858},"Slope":{"confidence_interval":{"confidence_level":0.95,"lower_bound":10.814342364173934,"upper_bound":10.85870622895314},"point_estimate":10.835873793025092,"standard_error":0.011342941212512206},"StdDev":{"confidence_interval":{"confidence_level":0.95,"lower_bound":0.10728049980993597,"upper_bound":0.4563307798471348},"point_estimate":0.2887825302431144,"standard_error":0.1048848069338028}}