{"Mean":{"confidence_interval":{"confidence_level":0.95,"lower_bound":588798.7755202937,"upper_bound":948832.5576090958},"point_estimate":766466.8011293551,"standard_error":92016.82929025697},"Median":{"confidence_interval":{"confidence_level":0.95,"lower_bound":351.85714285714283,"upper_bound":759173.3333333334},"point_estimate":8311.862745098038,"standard_error":230855.50672047414},"MedianAbsDev":{"confidence_interval":{"confidence_level":0.95,"lower_bound":131.07632925187727,"upper_bound":1125132.2373634516},"point_estimate":11939.93985712793,"standard_error":341360.2868700291},"Slope":{"confidence_interval":{"confidence_level":0.95,"lower_bound":1354573.1181947088,"upper_bound":1739061.5020613053},"point_estimate":1564465.4642352595,"standard_error":98248.78993014054},"StdDev":{"confidence_interval":{"confidence_level":0.95,"lower_bound":832764.9971920076,"upper_bound":994877.7480648753},"point_estimate":926260.3772496877,"standard_error":41327.294152657705}}