{"Mean":{"confidence_interval":{"confidence_level":0.95,"lower_bound":2053.0611520029906,"upper_bound":2095.770438726176},"point_estimate":2072.5990301493234,"standard_error":10.93260173253276},"Median":{"confidence_interval":{"confidence_level":0.95,"lower_bound":2034.8064847116766,"upper_bound":2042.2230570783618},"point_estimate":2038.4315451549824,"standard_error":1.8215845769113332},"MedianAbsDev":{"confidence_interval":{"confidence_level":0.95,"lower_bound":11.966631994823498,"upper_bound":21.210660414907075},"point_estimate":15.286847900032393,"standard_error":2.495639350248381},"Slope":{"confidence_interval":{"confidence_level":0.95,"lower_bound":2038.0841497259257,"upper_bound":2125.738725274684},"point_estimate":2077.775408256974,"standard_error":22.510845348510923},"StdDev":{"confidence_interval":{"confidence_level":0.95,"lower_bound":66.02973967033226,"upper_bound":144.07407769742014},"point_estimate":109.65108248835213,"standard_error":19.90235238095922}}