{"Mean":{"confidence_interval":{"confidence_level":0.95,"lower_bound":2505.4166264884484,"upper_bound":2625.702409564293},"point_estimate":2561.708778235858,"standard_error":30.729359761623265},"Median":{"confidence_interval":{"confidence_level":0.95,"lower_bound":2409.981966877939,"upper_bound":2428.878382893418},"point_estimate":2418.0180591639114,"standard_error":5.613012353790262},"MedianAbsDev":{"confidence_interval":{"confidence_level":0.95,"lower_bound":29.86186062160432,"upper_bound":73.66063393472818},"point_estimate":49.728978213888205,"standard_error":12.005228638521011},"Slope":{"confidence_interval":{"confidence_level":0.95,"lower_bound":2413.272442851499,"upper_bound":2482.0871394141604},"point_estimate":2439.2902904303924,"standard_error":18.558740100587094},"StdDev":{"confidence_interval":{"confidence_level":0.95,"lower_bound":213.5436367428119,"upper_bound":405.3265160936516},"point_estimate":308.9042164590839,"standard_error":50.32933565787167}}