{"Mean":{"confidence_interval":{"confidence_level":0.95,"lower_bound":257351.15926084854,"upper_bound":261351.51971167012},"point_estimate":259359.01830539602,"standard_error":1017.7752852256577},"Median":{"confidence_interval":{"confidence_level":0.95,"lower_bound":258449.51539658417,"upper_bound":262617.5031782946},"point_estimate":260540.5199821915,"standard_error":1178.8300339508883},"MedianAbsDev":{"confidence_interval":{"confidence_level":0.95,"lower_bound":7524.013466923728,"upper_bound":13471.583284379996},"point_estimate":10398.382969794677,"standard_error":1611.5954181002703},"Slope":{"confidence_interval":{"confidence_level":0.95,"lower_bound":253753.93918873093,"upper_bound":257101.03946998267},"point_estimate":255477.7461558544,"standard_error":850.8148325862546},"StdDev":{"confidence_interval":{"confidence_level":0.95,"lower_bound":8761.875229255777,"upper_bound":11672.810426499882},"point_estimate":10221.064152224299,"standard_error":743.3411871797543}}