{"Mean":{"confidence_interval":{"confidence_level":0.95,"lower_bound":10.319078233434448,"upper_bound":10.416939841902188},"point_estimate":10.36087511899509,"standard_error":0.02535858766559871},"Median":{"confidence_interval":{"confidence_level":0.95,"lower_bound":10.290548408636255,"upper_bound":10.329983411234455},"point_estimate":10.307819127261645,"standard_error":0.010645966217550193},"MedianAbsDev":{"confidence_interval":{"confidence_level":0.95,"lower_bound":0.06506700635572411,"upper_bound":0.12044730343551184},"point_estimate":0.09186872030820517,"standard_error":0.013627950806996095},"Slope":{"confidence_interval":{"confidence_level":0.95,"lower_bound":10.313109206365807,"upper_bound":10.353343716831029},"point_estimate":10.333323137878756,"standard_error":0.010304271211607118},"StdDev":{"confidence_interval":{"confidence_level":0.95,"lower_bound":0.09382565522395597,"upper_bound":0.39658503152092167},"point_estimate":0.254385212439205,"standard_error":0.08494459859713106}}