{"Mean":{"confidence_interval":{"confidence_level":0.95,"lower_bound":4500859.168196852,"upper_bound":4826408.812636073},"point_estimate":4680069.903905588,"standard_error":83554.01282857374},"Median":{"confidence_interval":{"confidence_level":0.95,"lower_bound":4897765.4878048785,"upper_bound":4985719.659989728},"point_estimate":4951685.414969834,"standard_error":23417.342839809033},"MedianAbsDev":{"confidence_interval":{"confidence_level":0.95,"lower_bound":88076.55200019998,"upper_bound":197832.41954994915},"point_estimate":132164.47790761205,"standard_error":28980.945604517274},"Slope":{"confidence_interval":{"confidence_level":0.95,"lower_bound":4994950.035136214,"upper_bound":5023928.331124061},"point_estimate":5010523.000286685,"standard_error":7372.055219074753},"StdDev":{"confidence_interval":{"confidence_level":0.95,"lower_bound":410002.2643143832,"upper_bound":1177677.8006167235},"point_estimate":842012.0448870012,"standard_error":194060.1373026481}}