{"Mean":{"confidence_interval":{"confidence_level":0.95,"lower_bound":2208.965637225959,"upper_bound":2240.5272952975843},"point_estimate":2222.7714637736926,"standard_error":8.132689167307007},"Median":{"confidence_interval":{"confidence_level":0.95,"lower_bound":2204.110811504879,"upper_bound":2210.7046884442716},"point_estimate":2207.2938982066653,"standard_error":1.704046302192738},"MedianAbsDev":{"confidence_interval":{"confidence_level":0.95,"lower_bound":11.237398237591364,"upper_bound":23.417027965506165},"point_estimate":17.28286573328596,"standard_error":3.229993378046208},"Slope":{"confidence_interval":{"confidence_level":0.95,"lower_bound":2194.8963950869547,"upper_bound":2207.212822803117},"point_estimate":2200.546737270742,"standard_error":3.1473545843877995},"StdDev":{"confidence_interval":{"confidence_level":0.95,"lower_bound":33.30400715036212,"upper_bound":124.29268001492342},"point_estimate":81.67651348657637,"standard_error":24.59215179432053}}